Title,Authors,Publisher,Year,DOI,Keywords,Citations,Remove - Abstract,id,keep,Optimization,ML task,Objective functions,Single/Multi Solutions,Obs
preliminary-report on machine learning via multiobjective optimization,"AHMAD, Z; GUEZ, A","APPLICATIONS OF ARTIFICIAL NEURAL NETWORKS III, PTS 1 AND 2",1992.0,10.1117/12.140027,,,0.0,2.0,False,,,,,
on generalisation of machine learning with neural-evolutionary computations,R. Kumar,Proceedings Third International Conference on Computational Intelligence and Multimedia Applications. ICCIMA'99 (Cat. No.PR00300),1999.0,10.1109/ICCIMA.1999.798512,,,0.0,1.0,False,,,,,
evolutionary model selection in unsupervised learning,"Kim Y., Street W.N., Menczer F.",Intelligent Data Analysis,2002.0,10.3233/ida-2002-6605,,76.0,0.0,3.0,True,"['Evolutionary', 'ELSA']","['Feature Selection', 'Clustering']","['cluster cohesiveness', 'distance from glocal centroid', 'number of clusters', 'complexity']",Multi,
pareto neuro-ensembles,Abbass H.A.,Lecture Notes in Computer Science (including subseries Lecture Notes in Artificial Intelligence and Lecture Notes in Bioinformatics),2003.0,10.1007/978-3-540-24581-0_47,,28.0,0.0,4.0,True,"['Evolutive', 'MPANN']","['Neural Networks', 'Classification', 'Ensemble']",['MSE for two data partitions'],Single - Ensemble,
cooperative coevolution of artificial neural network ensembles for pattern classification,N. Garcia-Pedrajas; C. Hervas-Martinez; D. Ortiz-Boyer,IEEE Transactions on Evolutionary Computation,2005.0,10.1109/TEVC.2005.844158,Classification;cooperative coevolution;multiobjective optimization;neural network ensembles,150.0,0.0,5.0,True,"['Evolutionary', 'NSGA']","['Classification','Ensemble','Neural Networks']",['Several performanca and diversity measures'],Single - Ensemble,
evolutionary multiobjective ensemble learning based on bayesian feature selection,Huanhuan Chen; Xin Yao,2006 IEEE International Conference on Evolutionary Computation,2006.0,10.1109/CEC.2006.1688318,,4.0,0.0,6.0,True,"['Evolutive', 'NSGA']","['Neural Networks', 'Classification', 'Ensemble']",['MSE for two data partitions'],Single - Ensemble,
pareto-coevolutionary genetic programming classifier,"Lemczyk V., Heywood M.",GECCO 2006 - Genetic and Evolutionary Computation Conference,2006.0,10.1145/1143997.1144162,Co-evolution; Evolutionary Computation; Genetic Programming; Subset Selection; Supervised Learning,4.0,0.0,7.0,False,,,,,
pattern classification by evolutionary rbf networks ensemble based on multi-objective optimization,N. Kondo; T. Hatanaka; K. Uosaki,The 2006 IEEE International Joint Conference on Neural Network Proceedings,2006.0,10.1109/IJCNN.2006.247224,,3.0,0.0,8.0,True,"['Evolutionary', 'NSGA-II']","['RBF Networks', 'Ensemble', 'Classification']","['number of hidden layer neuron', 'MSE', 'sum of absolute weights']",Single - Ensemble,
designing fuzzy ensemble classifiers by evolutionary multiobjective optimization with an entropy-based diversity criterion,Y. Nojima; H. Ishibuchi,2006 Sixth International Conference on Hybrid Intelligent Systems (HIS'06),2006.0,10.1109/HIS.2006.264942,,9.0,0.0,9.0,False,,,,,
information preserving multi-objective feature selection for unsupervised learning,"Mierswa I., Wurst M.",GECCO 2006 - Genetic and Evolutionary Computation Conference,2006.0,10.1145/1143997.1144248,Multi-objective feature selection; Pareto front segmentation; Unsupervised learning,34.0,0.0,10.0,True,"['Evolutive', 'NSGA-II']","['Feature Selection', 'Clustering']","['Number of features', 'DB index']",Multi,
a dual-objective evolutionary algorithm for rules extraction in data mining,"Tan, KC; Yu, Q; Ang, JH",COMPUTATIONAL OPTIMIZATION AND APPLICATIONS,2006.0,10.1007/s10589-005-3907-9,data mining; evolutionary algorithm; classification; rules extraction,,0.0,11.0,True,['Evolutionary'],"['decision rules', 'Classification']","['Accuracy', 'number of rules']",Multi,
alleviating catastrophic forgetting via multi-objective learning,Yaochu Jin; B. Sendhoff,The 2006 IEEE International Joint Conference on Neural Network Proceedings,2006.0,10.1109/IJCNN.2006.247332,,2.0,0.0,12.0,True,"['Evolutionary', 'NSGA-II']","['Catastrophic Forgetting', 'Neural Networks']","['Error on new patterns', 'Error on pseudo-patterns']",Single,
semi-supervised feature selection via multiobjective optimization,"Handl J., Knowles J.",IEEE International Conference on Neural Networks - Conference Proceedings,2006.0,10.1109/ijcnn.2006.247330,,17.0,0.0,13.0,True,"['Evolutive', 'PESA-II']","['Feature Selection', 'Semi-supervised']","['Silhoute Width', 'Feature cardinality', 'Adjusted Rand Index']",Single - Solution that performs best in supervised,
pattern classification by evolutionary rbf networks ensemble based on multi-objective optimization,"Kondo N., Hatanaka T., Uosaki K.",IEEE International Conference on Neural Networks - Conference Proceedings,2006.0,10.1109/ijcnn.2006.247224,,8.0,0.0,8.0,True,"['Evolutionary', 'NSGA-II']","['RBF Networks', 'Ensemble', 'Classification']","['number of hidden layer neuron', 'MSE', 'sum of absolute weights']",Single - Ensemble,
pareto-based multi-objective machine learning,Y. Jin,7th International Conference on Hybrid Intelligent Systems (HIS 2007),2007.0,10.1109/HIS.2007.73,,2.0,0.0,14.0,False,,,,,Overview
multiobjective evolutionary rbf networks and its application to ensemble learning,"Kondo, N; Hatanaka, T; Uosaki, K",FRONTIERS OF COMPUTATIONAL SCIENCE,2007.0,10.1007/978-3-540-46375-7_50,,,0.0,15.0,True,"['Evolutionary', 'Genetic']","['Ensebmle', 'RBF Networks', 'Classification']","['Accuracy', 'Complexity']",Single - Ensemble,
controlling overfitting with multi-objective support vector machines,Mierswa I.,Proceedings of GECCO 2007: Genetic and Evolutionary Computation Conference,2007.0,10.1145/1276958.1277323,Evolution strategies; Kernel methods; Machine learning; Support vector machines,20.0,0.0,16.0,True,"['Evolutive', 'NSGA-II']","['Classification', 'SVM']",['Dual of max margin and min error'],Multi,
an approach to large margin design of prototype-based pattern classifiers,T. He; Y. Hu; Q. Huo,"2007 IEEE International Conference on Acoustics, Speech and Signal Processing - ICASSP '07",2007.0,10.1109/ICASSP.2007.366313,large margin;pattern classification;support vector machine;machine;machine learning;semidefinite programming,2.0,0.0,17.0,False,,,,,
a multi-objective learning algorithm for rbf neural network,I. Kokshenev; A. P. Braga,2008 10th Brazilian Symposium on Neural Networks,2008.0,10.1109/SBRN.2008.39,multi-objective learning;radial basis functions;generalization;regularization;LASSO,3.0,0.0,18.0,True,['Evolutive'],"['Classification', 'RBF-Networks']","['MSE', 'L1']",Single - AIC in Pareto fronteir,
evolutionary multi-objective rule selection for classification rule mining,"Ishibuchi H., Kuwajima I., Nojima Y.",Studies in Computational Intelligence,2008.0,10.1007/978-3-540-77467-9_3,,8.0,0.0,184.0,False,,,,,Book chapter
surrogate-based multi-objective particle swarm optimization,L. V. Santana-Quintero; C. A. Coello Coello; A. G. Hernandez-Diaz; J. M. O. Velazquez,2008 IEEE Swarm Intelligence Symposium,2008.0,10.1109/SIS.2008.4668300,Multi-objective optimization;surrogates;support vector machines;PSO;rough sets;hybrid algorithms,5.0,0.0,19.0,False,,,,,
multi-objective learning of multi-dimensional bayesian classifiers,J. D. Rodríguez; J. A. Lozano,2008 Eighth International Conference on Hybrid Intelligent Systems,2008.0,10.1109/HIS.2008.143,Machine Learning;multi-dimensional classification;Bayesian classifiers;multi-objective;NSGA-II,16.0,0.0,20.0,True,"['Evolutive','NSGA-II']","['Classification','Bayesian classifiers']",['Error for each classification variable'],Multi,
semi-supervised training of least squares support vector machine using a multiobjective evolutionary algorithm,C. Silva; J. S. Santos; E. F. Wanner; E. G. Carrano; R. H. C. Takahashi,2009 IEEE Congress on Evolutionary Computation,2009.0,10.1109/CEC.2009.4983321,,1.0,0.0,21.0,True,"['Evolutionary', 'SPEA2']","['SVM', 'Classification', 'semi-supervised']","['error over the labeled points', 'norm of the vector of weights']",Multi,
design of artificial neural networks using a memetic pareto evolutionary algorithm using as objectives entropy versus variation coefficient,J. C. Fernández; C. Hervás; F. J. Martínez; M. Cruz,2009 Ninth International Conference on Intelligent Systems Design and Applications,2009.0,10.1109/ISDA.2009.153,Classification;Neural Networks;Multi-objective;Entropy;Variation Coefficient,,0.0,22.0,True,"['Evolutionary', 'MPENSGA2']","['Neural Network','Classification']","['Cross entropy', 'Variation coefficient']",Single,
improving generalization of radial basis function network with adaptive multi-objective particle swarm optimization,S. N. Qasem; S. M. H. Shamsuddin,"2009 IEEE International Conference on Systems, Man and Cybernetics",2009.0,10.1109/ICSMC.2009.5346876,Radial basis function network;Adaptive Multi-objective particle swarm optimization;Multi-Objective particle swarm optimization,3.0,0.0,23.0,True,"['Evolutive', 'AMPSO']","['Classification', 'RBF Networks']","['MSE', 'Sum of square weights']",Multi,
radial basis function network based on multi-objective particle swarm optimization,S. N. Qasem; S. M. H. Shamsuddin,2009 6th International Symposium on Mechatronics and its Applications,2009.0,10.1109/ISMA.2009.5164833,,11.0,0.0,24.0,True,"['Evolutive', 'MOPSO']","['Classification', 'RBF Networks']","['MSE', 'Sum of square weights']",Multi,
search ability of evolutionary multiobjective optimization algorithms for multiobjective fuzzy genetics-based machine learning,H. Ishibuchi; Y. Nakashima; Y. Nojima,2009 IEEE International Conference on Fuzzy Systems,2009.0,10.1109/FUZZY.2009.5277370,,6.0,0.0,25.0,False,,,,,
optimal v-svm parameter estimation using multi objective evolutionary algorithms,J. Ethridge; G. Ditzler; R. Polikar,IEEE Congress on Evolutionary Computation,2010.0,10.1109/CEC.2010.5586029,multi-objective optimization;v-SVM;evolutionary algorithms,3.0,0.0,26.0,True,"['Evolutionary', 'NSGA-II']","['v-SVM','Classification']","['Sensitivity', 'Specificity', 'Generalization error']",Multi,
multiobjective neural network ensembles based on regularized negative correlation learning,H. Chen; X. Yao,IEEE Transactions on Knowledge and Data Engineering,2010.0,10.1109/TKDE.2010.26,Multiobjective algorithm;multiobjective learning;neural network ensembles;neural networks;negative correlation learning;regularization.,83.0,0.0,27.0,True,['Evolutionary'],"['Ensemble', 'Negative Correlation Learning', 'RBF', 'Classification']","['MSE', 'Correlation measure', 'weight decay']",Single - Ensemble,
inducing multi-objective clustering ensembles with genetic programming,"Coelho A.L.V., Fernandes E., Faceli K.",Neurocomputing,2010.0,10.1016/j.neucom.2010.09.014,Cluster analysis; Ensembles; Genetic programming; Multi-objective optimization,14.0,0.0,28.0,False,,,,,
feature selection using multiobjective optimization for named entity recognition,A. Ekbal; S. Saha; C. S. Garbe,2010 20th International Conference on Pattern Recognition,2010.0,10.1109/ICPR.2010.477,Multiobjective Optimization;Feature Selection;Maximum Entropy;Named Entity Recognition,17.0,0.0,29.0,True,"['Evolutionary', 'NSGA-II']","['Feature Selection', 'Named  Entity Recognition']","['recall', 'precision']",Single - Performance in training,
feature selection for multi-purpose predictive models: a many-objective task,"Reynolds A.P., Corne D.W., Chantler M.J.",Lecture Notes in Computer Science (including subseries Lecture Notes in Artificial Intelligence and Lecture Notes in Bioinformatics),2010.0,10.1007/978-3-642-15844-5_39,,7.0,0.0,30.0,True,"['Evolutionary', 'NSGA-II']","['Feature Selection', 'Classification', 'Binary Classification']","['Specificity', 'Sensitivity', 'Confidence']",Multi,
on a multiobjective training algorithm for rbf networks using particle swarm optimization,G. R. L. Silva; D. A. G. Vieira; A. C. Lisboa; V. Palade,2010 22nd IEEE International Conference on Tools with Artificial Intelligence,2010.0,10.1109/ICTAI.2010.112,radial basis network;multiobjective least squares;particle swarm optimization,,0.0,31.0,True,"['Evolutionary', 'Particle Swarm']",['RBF'],"['Least Squares', 'Complexity - Gradient']",,
an adaptive multiobjective approach to evolving art architectures,A. Kaylani; M. Georgiopoulos; M. Mollaghasemi; G. C. Anagnostopoulos; C. Sentelle; M. Zhong,IEEE Transactions on Neural Networks,2010.0,10.1109/TNN.2009.2037813,ARTMAP;category proliferation;classification;genetic algorithms (GAs);genetic operators;machine learning,31.0,0.0,32.0,True,['Evolutionary'],"['Classification', 'ART']","['Accuracy', 'Complexity - Size']",Multi,
sensitivity versus accuracy in multiclass problems using memetic pareto evolutionary neural networks,J. C. Fernandez Caballero; F. J. Martinez; C. Hervas; P. A. Gutierrez,IEEE Transactions on Neural Networks,2010.0,10.1109/TNN.2010.2041468,Accuracy;local search;multiclassification;multiobjective evolutionary algorithms;neural networks;sensitivity,113.0,0.0,33.0,True,"['Evolutionary', 'MPENSGA2']","['Classification', 'Multiclass', 'Multilayer Perceptron']","['Accuracy', 'Sensitivity']",Multi,
an efficient multi-objective learning algorithm for rbf neural network,"Kokshenev, I; Braga, AP",NEUROCOMPUTING,2010.0,10.1016/j.neucom.2010.06.022,Multi-objective learning; Radial-basis functions; Pareto-optimality; Model selection; Regularization,,0.0,34.0,True,['Deterministic'],['RBF'],"['Squared Error', 'Complexity']",Single - Information Criteria,
discovering knowledge rules with multi-objective evolutionary computing,R. Giusti; G. E. A. P. A. Batista,2010 Ninth International Conference on Machine Learning and Applications,2010.0,10.1109/ICMLA.2010.25,Multi-Objective Machine Learning;Knowledge Discovery in Databases;Evolutionary Computing,,0.0,35.0,False,,,,,
generalization improvement of radial basis function network based on multi-objective particle swarm optimization,"Qasem S.N., Shamsuddin S.M.",Journal of Artificial Intelligence,2010.0,10.3923/jai.2010.1.16,Elitist non-dominated sorting genetic algorithm; Hybrid learning; Multi-objective optimization; Multi-objective particle swarm optimization; Radial basis function network,16.0,0.0,183.0,True,"['Evolutionary', 'Particle Swarm Optimization']","['RBF Network', 'Classification']","['Mean-Squared Error', 'L2']",Multi,
classification as clustering: a pareto cooperative-competitive gp approach,A. R. McIntyre; M. I. Heywood,Evolutionary Computation,2011.0,10.1162/EVCO_a_00016,Genetic programming;Pareto multi-objective optimization;coevolution;problem decomposition;classification,5.0,0.0,36.0,True,['Evolutionary'],"['Classification', 'Multiclass']","['Sensitivity', 'Specificity']",Multi?,
a generic optimising feature extraction method using multiobjective genetic programming,"Zhang, Y; Rockett, PI",APPLIED SOFT COMPUTING,2011.0,10.1016/j.asoc.2010.02.008,Feature extraction; Multiobjective optimisation; Genetic programming; Pattern recognition,,0.0,37.0,True,"['Evolutionary', 'Genetic', 'SPEA-2']","['Feature Extraction', 'Classification']","['Tree Complexity', 'Missclassification Error', 'Bayes Error']",Multi,
evolving ensembles in multi-objective genetic programming for classification with unbalanced data,"Bhowan U., Johnston M., Zhang M.","Genetic and Evolutionary Computation Conference, GECCO'11",2011.0,10.1145/2001576.2001756,Class imbalance; Classification; Evolutionary multi-objective optimisation; Genetic programming,25.0,0.0,38.0,True,"['Evolutionary', 'Genetic', 'NSGA-II']","['Ensemble', 'Classification']","['Minority Accuracy', 'Majority Accuracy']",Single - Ensemble,
performance evaluation of evolutionary multiobjective optimization algorithms for multiobjective fuzzy genetics-based machine learning,"Ishibuchi, H; Nakashima, Y; Nojima, Y",SOFT COMPUTING,2011.0,10.1007/s00500-010-0669-9,Fuzzy rule-based classification; Genetic algorithms; Genetics-based machine learning; Multiobjective machine learning; Evolutionary multiobjective optimization,,0.0,39.0,False,,,,,
coevolutionary learning of neural network ensemble for complex classification tasks,"Tian J., Li M., Chen F., Kou J.",Pattern Recognition,2012.0,10.1016/j.patcog.2011.09.012,Classification; Coevolutionary algorithm; Ensemble learning; Neural network,30.0,0.0,40.0,False,,,,,
a multicriteria decision making approach for estimating the number of clusters in a data set,"Peng, Y; Zhang, Y; Kou, G; Shi, Y",PLOS ONE,2012.0,10.1371/journal.pone.0041713,,,0.0,41.0,False,,,,,
simultaneous feature selection and clustering for categorical features using multi objective genetic algorithm,D. Dutta; P. Dutta; J. Sil,2012 12th International Conference on Hybrid Intelligent Systems (HIS),2012.0,10.1109/HIS.2012.6421332,,6.0,0.0,42.0,True,"['Evolutive', 'Genetic']","['Feature Selection', 'Clustering']","['Homogeneity', 'Separation']",Multi,
semi-supervised clustering using multiobjective optimization,S. Saha; A. Ekbal; A. K. Alok,2012 12th International Conference on Hybrid Intelligent Systems (HIS),2012.0,10.1109/HIS.2012.6421361,Semi-supervised clustering;Multiobjective optimization;Cluster validity index;Adjusted Rand Index (ARI);Sym-index;Con-index;I-Index;AMOSA,11.0,0.0,43.0,True,"['Evolutive', 'AMOSA']","['Semi-supervised', 'Clustering']","['Compactedness of partitions', 'Total symmetry', 'Cluster connectedness', 'Adjusted Rand Index']",Single - ARI value,
clustering by multi objective genetic algorithm,D. Dutta; P. Dutta; J. Sil,2012 1st International Conference on Recent Advances in Information Technology (RAIT),2012.0,10.1109/RAIT.2012.6194619,Clustering;homogeneity and separation;real coded multi objective genetic algorithm;Pareto optimal front,10.0,0.0,44.0,True,"['Evolutive', 'Genetic']",['Clustering'],"['Homogeneity', 'Separation']",Multi,
a computational geometry approach for pareto-optimal selection of neural networks,"Torres L.C.B., Castro C.L., Braga A.P.",Lecture Notes in Computer Science (including subseries Lecture Notes in Artificial Intelligence and Lecture Notes in Bioinformatics),2012.0,10.1007/978-3-642-33266-1_13,classification; decision-making; gabriel graph; multiobjective machine learning,2.0,0.0,45.0,True,[],"['Neural Networks', 'Classification']","['Training Error', 'Norm of weights']",Single - Separation Margin,
multi-objective approach based on grammar-guided genetic programming for solving multiple instance problems,"Zafra, A; Ventura, S",SOFT COMPUTING,2012.0,10.1007/s00500-011-0794-0,Multiple instance learning; Multiple objective learning; Grammar guided genetic programming; Evolutionary rule learning,,0.0,46.0,True,"['Evolutionary', 'Genetic', 'Grammar Guided Genetic Programming', 'G3P']",['Multiple instance learning'],"['sensitivity', 'specificity']",Multi,
robust ordinal regression in preference learning and ranking,"Corrente, S; Greco, S; Kadzinski, M; Slowinski, R",MACHINE LEARNING,2013.0,10.1007/s10994-013-5365-4,Robust ordinal regression; Ranking; Preference learning; Multiple criteria decision aiding; Comparison; Preference modeling; Preference construction,,0.0,47.0,False,,,,,
categorical feature reduction using multi objective genetic algorithm in cluster analysis,"Dutta D., Dutta P., Sil J.",Lecture Notes in Computer Science (including subseries Lecture Notes in Artificial Intelligence and Lecture Notes in Bioinformatics),2013.0,10.1007/978-3-642-45318-2_7,Clustering; dimensionality reduction; homogeneity and separation; Pareto optimal front; real coded multi objective genetic algorithm,3.0,0.0,48.0,True,"['Evolutionary', 'Genetic']",['Clustering'],"['homogeneity', 'separation']",Multi,
evolving diverse ensembles using genetic programming for classification with unbalanced data,U. Bhowan; M. Johnston; M. Zhang; X. Yao,IEEE Transactions on Evolutionary Computation,2013.0,10.1109/TEVC.2012.2199119,Classification;class imbalance learning;genetic programming (GP);multiobjective machine learning (ML),140.0,0.0,49.0,True,"['Evolutionary', 'NSGA-II', 'SPEA2']","['Classification', 'Ensemble', 'Unbalanced Data']","['Minority Accuracy', 'Majority Accuracy']",Single - Ensemble,
unsupervised feature construction for improving data representation and semantics,"Rizoiu, MA; Velcin, J; Lallich, S",JOURNAL OF INTELLIGENT INFORMATION SYSTEMS,2013.0,10.1007/s10844-013-0235-x,Unsupervised feature construction; Feature evaluation; Nonparametric statistics; Data mining; Clustering; Representations; Algorithms for data and knowledge management; Heuristic methods; Pattern analysis,,0.0,50.0,False,,,,,
a hybrid meta-learning architecture for multi-objective optimization of svm parameters,"Miranda P.B.C., Prudêncio R.B.C., de Carvalho A.P.L.F., Soares C.",Neurocomputing,2014.0,10.1016/j.neucom.2014.06.026,Meta-learning; Multi-objective optimization; Parameter selection; Particles swarm optimization; Support vector machines,29.0,0.0,51.0,True,"['Evolutionary', 'Particle Swarm Optimization']","['SVM', 'Classification', 'Meta-Learning']","['success rate in classification', 'number of support vectors']",Multi,
reusing genetic programming for ensemble selection in classification of unbalanced data,U. Bhowan; M. Johnston; M. Zhang; X. Yao,IEEE Transactions on Evolutionary Computation,2014.0,10.1109/TEVC.2013.2293393,Classification;ensemble machine learning;genetic programming;unbalanced data,57.0,0.0,52.0,True,"['Evolutionary', 'Genetic']","['Classification', 'Ensemble']","['minority acc', 'majority acc']",Single - Ensemble,
multicriteria approaches for predictive model generation: a comparative experimental study,B. Al-Jubouri; B. Gabrys,2014 IEEE Symposium on Computational Intelligence in Multi-Criteria Decision-Making (MCDM),2014.0,10.1109/MCDM.2014.7007189,,3.0,0.0,53.0,True,"['Evolutionary','NSGA-II']","['Neural Networks','Classification']","['Accuracy','Model Complexity','Algorithmic Complexity']",Multi,
multiobjective optimization for model selection in kernel methods in regression,D. You; C. F. Benitez-Quiroz; A. M. Martinez,IEEE Transactions on Neural Networks and Learning Systems,2014.0,10.1109/TNNLS.2013.2297686,Kernel methods;kernel optimization;optimization;Pareto optimality;regression.;Kernel methods;kernel optimization;optimization;Pareto optimality;regression,12.0,0.0,54.0,True,"['Deterministic', 'ε-Constraint Optimization']","['Kernel methods', 'Regression']","['RMSE', 'Roughness Penalty']",Multi,
feature selection and semi-supervised clustering using multiobjective optimization,"Saha, S; Ekbal, A; Alok, AK; Spandana, R",SPRINGERPLUS,2014.0,10.1186/2193-1801-3-465,Clustering; Multiobjective optimization (MOO); Symmetry; Cluster validity indices; Semi-supervised clustering; Feature selection; Multi-center; Automatic determination of number of clusters,,0.0,55.0,True,"['Evolutionary', 'AMOSA']","['Feature selection', 'semi-supervised clustering']","['sym-index', 'xb-index', 'adjusted rand index', 'number of features']",Single - Minkowski Score,
multi-objective learning of hybrid classifiers,"Piltaver, R; Lustrek, M; Zupancic, J; Dzeroski, S; Gams, M",21ST EUROPEAN CONFERENCE ON ARTIFICIAL INTELLIGENCE (ECAI 2014),2014.0,10.3233/978-1-61499-419-0-717,,,0.0,56.0,True,"['Deterministic', 'search']","['Classification', 'hybrid classifiers', 'hybrid trees']","['accuracy', 'comprehensibility']",Multi,
multi-objective model type selection,"Rosales-P\'{e}rez, Alejandro and Gonzalez, Jesus A. and Coello Coello, Carlos A. and Escalante, Hugo Jair and Reyes-Garcia, Carlos A.",Elsevier Science Publishers B. V.,2014.0,10.1016/j.neucom.2014.05.077,"VC dimension, Multi-objective optimization, Model type selection, Ensemble methods",,0.0,57.0,True,"['Evolutionary', 'MOEA/D']","['Classification', 'model selection']","['error', 'vc dimension']",Multi,
a community detection method based on multi-objective optimization method,"Wang L., Liang Y.Q., Tian Q.J., Yang J., Song C., Wu Z.",Applied Mechanics and Materials,2014.0,10.4028/www.scientific.net/AMM.571-572.177,Community detection; Complex network; Modularity; Multi-objective evolutionary algorithm; Pareto front,3.0,0.0,59.0,False,,,,,
neural signature of efficiency relations,S. Basterrech; K. Ohnishi; M. Köppen,"2015 IEEE International Conference on Systems, Man, and Cybernetics",2015.0,10.1109/SMC.2015.365,Fairness;Maxmin Fairness;Priority Fairness;Neural Networks;Supervised Learning,,0.0,58.0,False,,,,,
mode: multiobjective differential evolution for feature selection and classifier ensemble,"Sikdar, UK; Ekbal, A; Saha, S",SOFT COMPUTING,2015.0,10.1007/s00500-014-1565-5,,,0.0,60.0,False,,,,,
enhancing the effectiveness of ant colony decision tree algorithms by co-learning,"Boryczka, U; Kozak, J",APPLIED SOFT COMPUTING,2015.0,10.1016/j.asoc.2014.12.036,Ant Colony Optimization; Ant Colony Decision Trees; Decision trees; Pareto front; Quality of decision trees; Ant-Miner,,0.0,61.0,True,"['Evolutionary', 'Ant Colony Optimization']","['Classification', 'Decision trees']","['Size of decision tree', 'Accuracy']",Multi,
effects of heuristic rule generation from multiple patterns in multiobjective fuzzy genetics-based machine learning,Y. Nojima; K. Watanabe; H. Ishibuchi,2015 IEEE Congress on Evolutionary Computation (CEC),2015.0,10.1109/CEC.2015.7257262,Fuzzy genetics-based machine learning;heuristic rule generation;evolutionary multiobjective optimization,5.0,0.0,62.0,False,,,,,Extends MOO paper with heuristic
pareto-path multitask multiple kernel learning,C. Li; M. Georgiopoulos; G. C. Anagnostopoulos,IEEE Transactions on Neural Networks and Learning Systems,2015.0,10.1109/TNNLS.2014.2309939,Machine learning;optimization methods;pattern recognition;supervised learning;support vector machines (SVM).;Machine learning;optimization methods;pattern recognition;supervised learning;support vector machines (SVM),14.0,0.0,63.0,True,"['Deterministic', 'Tseng’s algorithm']","['Classification', 'Multitask', 'Multiple Kernel Learning', 'SVM']",['SVM objective'],Multi,
a new ensemble learning methodology based on hybridization of classifier ensemble selection approaches,"Mousavi, R; Eftekhari, M",APPLIED SOFT COMPUTING,2015.0,10.1016/j.asoc.2015.09.009,Ensemble learning system; Static ensemble selection; Dynamic ensemble selection; Classifier combination; Classifier diversity; Multi-objective optimization,,0.0,64.0,True,"['Evolutive', 'NSGA-II']","['Classification', 'Ensemble', 'NN', 'DT', 'SVM', 'KNN']","['Accuracy', 'Correlation', 'Disagreement', 'Double Fault', 'Q-statistic']",Single - Ensemble,
parallel alternatives for evolutionary multi-objective optimization in unsupervised feature selection,"Kimovski, Dragi and Ortega, Julio and Ortiz, Andr\'{e}s and Ba\~{n}os, Ra\'{u}l","Pergamon Press, Inc.",2015.0,10.1016/j.eswa.2015.01.061,"Parallel evolutionary algorithms, Unsupervised classification, Multi-objective clustering, Feature selection, High-dimensional data, Speedup models",,0.0,65.0,True,"['Evolutive', 'NSGA-II']","['Feature Selection', 'Classification']",[],Single - Combination,
convex hull-based multiobjective genetic programming for maximizing receiver operating characteristic performance,P. Wang; M. Emmerich; R. Li; K. Tang; T. Bäck; X. Yao,IEEE Transactions on Evolutionary Computation,2015.0,10.1109/TEVC.2014.2305671,Classification;evolutionary multiobjective algorithm;genetic programming;memetic algorithm;receiver operating characteristic (ROC) convex hull,26.0,0.0,66.0,True,['Evolutive'],"['Classification', 'ROCCH']","['False Positive Rate', 'True Positive Rate']",Multi,
an effective multiobjective approach for hard partitional clustering,"Prakash, J; Singh, PK",MEMETIC COMPUTING,2015.0,10.1007/s12293-014-0147-5,Data clustering; Multiobjective optimization; Evolutionary and swarm intelligence; Mutiobjective particle swarm optimization,,0.0,67.0,True,"['Evolutive', 'Particle Swarm Optimization']",['Clustering'],"['SSE', 'Connectedness']",Single - Highest F-measure,
sprint multi-objective model racing,"Zhang, TT; Georgiopoulos, M; Anagnostopoulos, GC",GECCO'15: PROCEEDINGS OF THE 2015 GENETIC AND EVOLUTIONARY COMPUTATION CONFERENCE,2015.0,10.1145/2739480.2754791,Racing Algorithm; Model Selection; Multi-objective Optimization; Sequential Probability Ratio Test,,0.0,68.0,True,['Deterministic'],"['Racing', 'Model Selection']",['User defined'],Multi,
surrogate-assisted multi-objective model selection for support vector machines,"Rosales-P\'{e}rez, Alejandro and Gonzalez, Jesus A. and Coello Coello, Carlos A. and Escalante, Hugo Jair and Reyes-Garcia, Carlos A.",Elsevier Science Publishers B. V.,2015.0,10.1016/j.neucom.2014.08.075,"Support vector machines, Surrogate-assisted optimization, Model selection, Multi-objective optimization",,0.0,69.0,True,"['Evolutionary','SAMOEA']","['Classification','Pre-Processing','Feature Selection','Model Selection','SVM']","['Bias','Variance']",Single - Performance in validation,
a flexible cluster-oriented alternative clustering algorithm for choosing from the pareto front of solutions,"Truong D.T., Battiti R.",Machine Learning,2015.0,10.1007/s10994-013-5350-y,Alternative clustering; Cluster-oriented recombination; Genetic algorithms; Multi-objective optimization,4.0,0.0,70.0,True,"['Evolutionary', 'Genetic', 'NSGA-II']","['Clustering', 'Supervised Alternative clustering']","['Vector Quantization Error', 'Adjusted Rand Index']",Multi,
multi-objective model selection via racing,T. Zhang; M. Georgiopoulos; G. C. Anagnostopoulos,IEEE Transactions on Cybernetics,2016.0,10.1109/TCYB.2015.2456187,Discrete Holm’s step-down procedure;model selection;multi-objective optimization;racing algorithm (RA);sign test (ST),6.0,0.0,71.0,False,,,,,
pareto inspired multi-objective rule fitness for adaptive rule-based machine learning,"Urbanowicz, RJ; Olson, RS; Moore, JH",PROCEEDINGS OF THE 2016 GENETIC AND EVOLUTIONARY COMPUTATION CONFERENCE (GECCO'16 COMPANION),2016.0,10.1145/2908961.2931736,data mining; classifier systems; fitness evaluation; multi-objective optimization; machine learning,,0.0,72.0,False,,,,,
hybrid multi-objective optimization approach for neural network classification using local search,"Mane S., Sonawani S., Sakhare S.",Advances in Intelligent Systems and Computing,2016.0,10.1007/978-981-10-0419-3_21,Classificationm; Local search; Multi-objective optimization; Neural network; NSGA II; Pareto optimality,2.0,0.0,73.0,True,"['Evolutionary', 'NSGA-II']","['Classification', 'Neural Network']","['MSE', 'Accuracy']",Single,
neural networks designing neural networks: multi-objective hyper-parameter optimization,S. C. Smithson; Guang Yang; W. J. Gross; B. H. Meyer,2016 IEEE/ACM International Conference on Computer-Aided Design (ICCAD),2016.0,10.1145/2966986.2967058,,12.0,0.0,74.0,False,,,,,"No MOO method applied, only compares Pareto dominance"
multi-objective cost-sensitive attribute reduction on data with error ranges,"Fang, Y; Liu, ZH; Min, F",INTERNATIONAL JOURNAL OF MACHINE LEARNING AND CYBERNETICS,2016.0,10.1007/s13042-014-0296-3,Cost-sensitive learning; Attribute reduction; Test cost; Error range,,0.0,75.0,True,"['Heuristic', 'Backtrack reduction', 'k-weighted heuristic reduction']","['Attribute reduction', 'Classification']","['Coverage', 'Accuracy', 'Similarity']",Single,
multi-objective parameter configuration of machine learning algorithms using model-based optimization,D. Horn; B. Bischl,2016 IEEE Symposium Series on Computational Intelligence (SSCI),2016.0,10.1109/SSCI.2016.7850221,,11.0,0.0,76.0,True,['Evolutionary'],"['Parameter Configuration', 'Classification']","['False Negative Rate', 'False Positive Rate']",Multi,
multiobjective fuzzy genetics-based machine learning with a reject option,Y. Nojima; H. Ishibuchi,2016 IEEE International Conference on Fuzzy Systems (FUZZ-IEEE),2016.0,10.1109/FUZZ-IEEE.2016.7737854,Fuzzy genetics-based machine learning;reject option;evolutionary multiobjective optimization,1.0,0.0,77.0,True,"['Evolutionary', 'NSGA-II']","['Classification', 'Reject option', 'Fuzzy rule-based classifier']","['Number of rules', 'Error rate except for rejected patterns', 'Number of rejected patterns']",Multi,
pareto inspired multi-objective rule fitness for noise-adaptive rule-based machine learning,"Urbanowicz, RJ; Olson, RS; Moore, JH",PARALLEL PROBLEM SOLVING FROM NATURE - PPSN XIV,2016.0,10.1007/978-3-319-45823-6_48,Data mining; Classifier systems; Fitness evaluation; Multi-objective optimization; Machine learning,,0.0,78.0,False,,,,,Pareto-inspired
ensemble of heterogeneous flexible neural trees using multiobjective genetic programming,"Ojha, VK; Abraham, A; Snasel, V",APPLIED SOFT COMPUTING,2017.0,10.1016/j.asoc.2016.09.035,Pareto-based multiobjectives; Flexible neural tree; Ensemble; Approximation; Feature selection,,0.0,79.0,True,"['Evolutionary', 'Genetic', 'NSGA-II']","['Ensemble', 'Flexible neural tree', 'Classification', 'Regression', 'Time-Series']","['MSE', 'Tree size', 'Diversity index']",Single - Ensemble,
multiobjective fuzzy genetics-based machine learning based on moea/d with its modifications,Y. Nojima; K. Arahari; S. Takemura; H. Ishibuchi,2017 IEEE International Conference on Fuzzy Systems (FUZZ-IEEE),2017.0,10.1109/FUZZ-IEEE.2017.8015749,Fuzzy classifier design;evolutionary fuzzy systems;MOEA/D;accuracy-oriented scalarizingfunction,3.0,0.0,80.0,True,"['Evolutionary', 'MOEA/D']","['Fuzzy Systems', 'Classification']","['Error', 'Number of rules', 'Total rule length']",Multi,
a pareto-based ensemble with feature and instance selection for learning from multi-class imbalanced datasets,"Fernández A., Carmona C.J., José Del Jesus M., Herrera F.",International Journal of Neural Systems,2017.0,10.1142/S0129065717500289,ensembles; feature selection; Imbalanced classification; instance selection; multi-class; multi-objective evolutionary algorithms; overlapping,36.0,0.0,81.0,True,"['Evolutionary','NSGA-II']","['Ensemble','Classification','Multi-Class','Feature Selection','Instance Selection']","['M-AUC','RED']",Single - Ensemble,
policy invariance under reward transformations for multi-objective reinforcement learning,"Mannion, P; Devlin, S; Mason, K; Duggan, J; Howley, E",NEUROCOMPUTING,2017.0,10.1016/j.neucom.2017.05.090,Reinforcement learning; Multi-objective; Potential-based; Reward shaping; Multi-agent systems,,0.0,82.0,False,,,,,Theoretical paper
feature weighting and selection with a pareto-optimal trade-off between relevancy and redundancy,"Das, A; Das, S",PATTERN RECOGNITION LETTERS,2017.0,10.1016/j.patrec.2017.01.004,Feature selection; Feature weighting; Multi-objective optimization; Information measure; Classification,,0.0,83.0,True,"['Evolutionary', 'MOEA/D']","['Feature Selection', 'Classification']","['relevancy', 'redundancy']",Single,
a method for entity resolution in high dimensional data using ensemble classifiers,"Liu, Y; Diao, XC; Cao, JJ; Zhou, X; Shang, YL",MATHEMATICAL PROBLEMS IN ENGINEERING,2017.0,10.1155/2017/4953280,,,0.0,84.0,True,"['Evolutionary', 'MOACO']","['Ensemble', 'Classification', 'Entity Resolution', 'Feature Selection']","['Accuracy', 'Dissimilarity between classifiers', 'Cardinality of features']",Single - Ensemble,
a pso algorithm for multi-objective cost-sensitive attribute reduction on numeric data with error ranges,"Fang, Y; Liu, ZH; Min, F",SOFT COMPUTING,2017.0,10.1007/s00500-016-2260-5,Attribute reduction; Cost-sensitive learning; Particle swarm optimization; Rough sets,,0.0,85.0,True,"['Evolutionary', 'Particle Swarm Optimization']","['Cost-Sensitive Learning', 'Attribute reduction']","['Accuracy', 'Coverage', 'Similarity']",Multi,
robust multiobjective evolutionary feature subset selection algorithm for binary classification using machine learning techniques,"Deniz, A; Kiziloz, HE; Dokeroglu, T; Cosar, A",NEUROCOMPUTING,2017.0,10.1016/j.neucom.2017.02.033,Multiobjective feature selection; Evolutionary algorithm; Binary classification; Supervised/unsupervised machine learning,,0.0,86.0,True,"['Evolutionary', 'Genetic', 'NSGA-II']","['Feature subset selection', 'Binary Classification']","['Number of features', 'Accuracy']",Multi,
solving test case based problems with fuzzy dominance,"Zutty, J; Rohling, G",PROCEEDINGS OF THE 2017 GENETIC AND EVOLUTIONARY COMPUTATION CONFERENCE (GECCO'17),2017.0,10.1145/3071178.3071234,Genetic Algorithms; Machine Learning; Markov Chain Monte Carlo; Pareto Dominance,,0.0,87.0,True,['Evolutionary'],"['Feature subset selection', 'Binary Classification']","['True Positive Rate', 'False Positive Rate']",Multi,
classification rule mining approach based on multiobjective optimization,T. Sağ; H. Kahramanli,2017 International Artificial Intelligence and Data Processing Symposium (IDAP),2017.0,10.1109/IDAP.2017.8090264,Rule extraction;multiobjective optimization;genetic algorithms,,0.0,88.0,True,"['Evolutionary','NSGA-II']","['Rule Mining','Classification']","['Rate of the correct classification','Rate of wrong classification']",Single,
multi-objective decision in machine learning,"de Medeiros, TH; Rocha, HP; Torres, FS; Takahashi, RHC; Braga, AP",JOURNAL OF CONTROL AUTOMATION AND ELECTRICAL SYSTEMS,2017.0,10.1007/s40313-016-0295-6,Machine learning; Multi-objective optimization; Decision-making; Classification,,0.0,89.0,True,"['Deterministic','Levenberg–Marquardt algorithm']","['Prior knowledge','Binary Classification']","['Training Error','Complexity']",Single - Prior Knowledge,
optimal set of overlapping clusters using multi-objective genetic algorithm,"Das, Sunanda and Chaudhuri, Shreya and Das, Asit K.",Association for Computing Machinery,2017.0,10.1145/3055635.3056653,"Cluster Analysis, Cluster validation index, Fuzzy Clustering, Multi-objective Genetic Algorithm, Overlapping Cluster",,0.0,90.0,True,"['Evolutionary', 'Genetic', 'NSGA']","['Clustering', 'Overlapping groups']","['Dunn index', 'Overlapping']",Single,
a multi-objective evolutionary approach to training set selection for support vector machine,"Acampora, G; Herrera, F; Tortora, G; Vitiello, A",KNOWLEDGE-BASED SYSTEMS,2018.0,10.1016/j.knosys.2018.02.022,Training set selection; Multi-objective optimization; Support vector machine,,0.0,91.0,True,"['Evolutionary', 'PESA-II']","['SVM', 'Classification', 'Training Set Selection']","['Accuracy', 'Reduction rate']",Single - Model with highiest sum of objectives,
a multiobjective optimization-based sparse extreme learning machine algorithm,"Wu, Y; Zhang, YS; Liu, XB; Cai, ZH; Cai, YM",NEUROCOMPUTING,2018.0,10.1016/j.neucom.2018.07.060,Extreme learning machine; Sparse connecting structure; Parameter optimization; Structure learning; Multiobjective optimization,,0.0,92.0,True,"['Evolutionary', 'MOEA/D']","['Extreme Learning Machine', 'Classification', 'Regression']","['RMSE', 'Connecting sparsity']",Single - Ensemble,
multiobjective sparse ensemble learning by means of evolutionary algorithms,"Zhao, JQ; Jiao, LC; Xia, SX; Fernandes, VB; Yevseyeva, I; Zhou, Y; Emmerich, MTM",DECISION SUPPORT SYSTEMS,2018.0,10.1016/j.dss.2018.05.003,Ensemble learning; Sparse representation; Classification; Multiobjective optimization; Change detection,,0.0,185.0,True,"['Evolutionary','TwoArch2','NSGA-III','MOEA/DD','RVEA','AR-MOEA','3DFCH-EMOA']","['Ensemble Learning','CLassification']","['Sparsity rate','False Positive Rate','False Negative Rate']",Single - Ensemble,
a novel deep learning approach: stacked evolutionary auto-encoder,Y. Cai; Z. Cai; M. Zeng; X. Liu; J. Wu; G. Wang,2018 International Joint Conference on Neural Networks (IJCNN),2018.0,10.1109/IJCNN.2018.8489138,Deep learning;Auto-encoder;Evolutionary Multiobjective Optimization,4.0,0.0,93.0,True,"['Evolutionary', 'NSGA-II']","['Neural Networks', 'Autoencoder', 'Extreme Learning Machine']","['MSE', 'L1-norm of the hidden-layer outputs']",Single,
feature learning in feature-sample networks using multi-objective optimization,F. A. Neto Verri; R. Tinós; L. Zhao,2018 IEEE Congress on Evolutionary Computation (CEC),2018.0,10.1109/CEC.2018.8477891,Feature learning;complex networks;multiobjective optimization;genetic algorithm,,0.0,94.0,True,"['Evolutionary','SPEA2']","['Feature Learning','Feature–Sample Networks','Clustering']","'Number of features','Disproportion between networks']",Single - Max number of features,
dynamic feature selection based on pareto front optimization,J. Jesus; A. Canuto; D. Araújo,2018 International Joint Conference on Neural Networks (IJCNN),2018.0,10.1109/IJCNN.2018.8489680,,2.0,0.0,95.0,True,"['Deterministic', 'Test all possibilities']","['Feature Selection', 'Clustering', 'Classification']","['Mutual Information', 'Kullback-Leibler Divergence', 'Spearman Correlation']",Single - All of the selected features,
a multi-objective optimization design framework for ensemble generation,"Ribeiro, Victor Henrique Alves and Reynoso-Meza, Gilberto",Association for Computing Machinery,2018.0,10.1145/3205651.3208219,"logistic regression, decision trees, multi-objective optimization, ensemble methods",,0.0,96.0,True,"['Evolutionary', 'sp-MODE']","['Ensemble', 'Classification']","['Accuracy', 'True Positive Rate', 'True Negative Rate', 'F1 Score', 'Model Complexity', 'Ensemble Complexity']",Single - Ensemble,Uses MOO to generate and select the models for the ensemble
pareto-optimal model selection via sprint-race,T. Zhang; M. Georgiopoulos; G. C. Anagnostopoulos,IEEE Transactions on Cybernetics,2018.0,10.1109/TCYB.2017.2647821,Model selection (MS);multi-objective optimization;racing algorithm;sequential probability ratio test (SPRT),3.0,0.0,97.0,False,,"['Model  Selection', 'Racing']",['User defined stochastic objectives'],Multi,"Does not train/generate the models, but selects them from a provided set"
novel multiobjective tlbo algorithms for the feature subset selection problem,"Kiziloz, HE; Deniz, A; Dokeroglu, T; Cosar, A",NEUROCOMPUTING,2018.0,10.1016/j.neucom.2018.04.020,Teaching learning based optimization; Multiobjective feature selection; Supervised learning,,0.0,98.0,True,"['Evolutionary', 'Teaching Learning Based Optimization', 'MTLBO-MD']","['Feature Subset Selection', 'Binary Classification']","['Accuracy', 'Number of features']",Single - Accuracy in Validation,
a new multi-layer classification method based on logistic regression,K. Kang; F. Gao; J. Feng,2018 13th International Conference on Computer Science & Education (ICCSE),2018.0,10.1109/ICCSE.2018.8468725,logistic regression;multi-objective classification;outlier;machine learning;MNIST,5.0,0.0,99.0,False,,,,,
automatic clustering by multi-objective genetic algorithm with numeric and categorical features,"Dutta D., Sil J., Dutta P.",Expert Systems with Applications,2019.0,10.1016/j.eswa.2019.06.056,Automatic clustering; Multi-Objective Genetic Algorithm (MOGA); Pareto approach; Statistical test,19.0,0.0,99.0,True,"['Evolutionary', 'MOGA']","['Clustering', 'Automatic clustering']","['Compactness', 'Separateness']",Single,
instance selection using multi-objective chc evolutionary algorithm,"Rathee, S; Ratnoo, S; Ahuja, J",INFORMATION AND COMMUNICATION TECHNOLOGY FOR COMPETITIVE STRATEGIES,2019.0,10.1007/978-981-13-0586-3_48,Multi-objective optimization; CHC algorithm; Instance selection; KNN,,0.0,100.0,True,"['Evolutionary', 'MOGA']","['Instance Selection', 'Classification']","['Accuracy', 'Percentage of data reduction']",Multi,
bi-level multi-objective evolution of a multi-layered echo-state network autoencoder for data representations,"Chouikhi, N; Ammar, B; Hussain, A; Alimi, AM",NEUROCOMPUTING,2019.0,10.1016/j.neucom.2019.03.012,Multi-Layered Echo State Network; Autoencoder; Data representation; PSO; Multi-objective optimization; Architecture optimization; Weights optimization,,0.0,101.0,True,"['Evolutionary', 'Particle Swarm Optimization']","['Autoencoder', 'Multi-LayeredEcho-StateNetwork', 'Architecture optimization', 'Classification']","['RMSE', 'Average Reservoirs Connectivity Rate', 'Average reservoir sizes']",Single - Optimize RMSE,
an effective metaheuristic for bi-objective feature selection in two-class classification problem,"Lyubchenko, AA; Pacheco, JA; Casado, S; Nunez, L",XII INTERNATIONAL SCIENTIFIC AND TECHNICAL CONFERENCE APPLIED MECHANICS AND SYSTEMS DYNAMICS,2019.0,10.1088/1742-6596/1210/1/012086,bi-objective feature selection; classification; tabu search; MOAMP,,0.0,102.0,True,"['Metaheuristic', 'Multi-Objective  Adaptive  Memory  Programming', 'MOAMP']","['Feature  Selection', 'Classification']","['Misclassification  error', 'Subset size']",Multi,
multilayer perceptron: nsga ii for a new multi-objective learning method for training and model complexity,"Senhaji K., Ramchoun H., Ettaouil M.",Advances in Intelligent Systems and Computing,2019.0,10.1007/978-3-319-91337-7_15,Multi-objective training; Multilayer perceptron; Non-dominated Sorting Genetic Algorithm II (NSGA II); Non-linear optimization; Pareto front; Supervised learning,1.0,0.0,103.0,True,"['Evolutionary', 'NSGA-II']","['Multilayer Perceptron', 'Classification']","['Training error', 'Network weights']",Single - Crowding distance,
constrained multi-objective optimization for automated machine learning,S. Gardner; O. Golovidov; J. Griffin; P. Koch; W. Thompson; B. Wujek; Y. Xu,2019 IEEE International Conference on Data Science and Advanced Analytics (DSAA),2019.0,10.1109/DSAA.2019.00051,Multi-objective Optimization;Automated Machine Learning;Distributed Computing System,4.0,0.0,104.0,True,"['Evolutionary', 'Genetic', 'Autotune']","['AutoML', 'Classification']","['Misclassification Rate', 'False Positive Rate', 'Black-box functions']",Multi,
nsga-net: neural architecture search using multi-objective genetic algorithm,"Lu, Zhichao and Whalen, Ian and Boddeti, Vishnu and Dhebar, Yashesh and Deb, Kalyanmoy and Goodman, Erik and Banzhaf, Wolfgang",Association for Computing Machinery,2019.0,10.1145/3321707.3321729,"deep learning, image classification, multi objective, bayesian optimization, neural architecture search",,0.0,105.0,True,"['Evolutionary', 'NSGA-II']","['Architecture Search', 'Neural Network', 'Classification']","['Classification Error', 'Computational complexity']",Multi,
a multi-objective competitive co-evolutionary approach for classification problems,V. T. VU; L. T. BUI; T. T. NGUYEN,2019 6th NAFOSTED Conference on Information and Computer Science (NICS),2019.0,10.1109/NICS48868.2019.9023887,competitive co-evolutionary;Prey-Predator;multiobjective optimization;classification;ensemble learning.,,0.0,106.0,True,"['Evolutionary', 'Prey-Predator']","['Classification', 'Neural Networks', 'Ensemble']","['Accuracy', 'Diversity']",Single - Ensemble,
what's inside the black-box? a genetic programming method for interpreting complex machine learning models,"Evans, Benjamin P. and Xue, Bing and Zhang, Mengjie",Association for Computing Machinery,2019.0,10.1145/3321707.3321726,"interpretable machine learning, evolutionary multi-objective optimisation, explainable artificial intelligence",,0.0,107.0,True,"['Evolutionary', 'Genetic', 'NSGA-II']","['Expainable AI', 'Interpretable ML', 'Classification']","['f1-score', 'Split points']",Single - Largest f1,
multiobjective semisupervised classifier ensemble,Z. Yu; Y. Zhang; C. L. P. Chen; J. You; H. Wong; D. Dai; S. Wu; J. Zhang,IEEE Transactions on Cybernetics,2019.0,10.1109/TCYB.2018.2824299,Ensemble learning;feature selection;multiobjective optimization;semisupervised learning,13.0,0.0,108.0,True,"['Evolutionary', 'Genetic', 'NSGA-II']","['Classification', 'Ensemble', 'Feature Selection']","['Relevance of features', 'Redundancy between features', 'Data reconstruction error']",Single - Ensemble,
multi-task learning by pareto optimality,"Dyankov D., Riccio S.D., Di Fatta G., Nicosia G.",Lecture Notes in Computer Science (including subseries Lecture Notes in Artificial Intelligence and Lecture Notes in Bioinformatics),2019.0,10.1007/978-3-030-37599-7_50,Atari 2600 Games; Deep artificial neural networks; Deep neuroevolution; Evolution Strategy; Hypervolume; Kullback-Leibler Divergence; Multitask learning; Neural and evolutionary computing,1.0,0.0,109.0,True,['Evolutionary'],"['Multitask Learning', 'Deep Neural Networks']",['Utility function of each task'],Multi,
evolutionary discovery of coresets for classification,"Barbiero, Pietro and Squillero, Giovanni and Tonda, Alberto",Association for Computing Machinery,2019.0,10.1145/3319619.3326846,"evolutionary algorithms, multi-objective, explain AI, coreset discovery, classification, machine learning",,0.0,110.0,True,"['Evolutionary', 'NSGA-II']","['Classification', 'Coreset discovery', 'Explainable AI']","['Number of samples', 'Accuracy']",Single - Accuracy in Validation,
on selection of optimal classifiers,"Rado O., Neagu D.",Lecture Notes in Computer Science (including subseries Lecture Notes in Artificial Intelligence and Lecture Notes in Bioinformatics),2019.0,10.1007/978-3-030-34885-4_42,Classification algorithms; Optimization; Pareto set,1.0,0.0,111.0,False,,,,,
an evolutionary machine learning approach towards less conservative robust optimization,P. D. Pantula; K. Mitra,2019 IEEE Congress on Evolutionary Computation (CEC),2019.0,10.1109/CEC.2019.8790094,Data Driven Robust Optimization;Evolutionary Algorithms;Fuzzy Clustering;ANN surrogate models;Multi objective Optimization,1.0,0.0,112.0,False,,,,,"Method uses ML (clustering) to improove optimization, not the other way around"
margin-based pareto ensemble pruning: an ensemble pruning algorithm that learns to search optimized ensembles,"Hu, RH; Zhou, SB; Liu, YS; Tang, ZR",COMPUTATIONAL INTELLIGENCE AND NEUROSCIENCE,2019.0,10.1155/2019/7560872,,,0.0,113.0,True,"['Evolutionary', 'NSGA-II']","['Classification', 'Ensemble', 'Ensemble Pruning']","['Classification Error', 'Number of models selected']",Single,
model-based multi-objective reinforcement learning with unknown weights,"Yamaguchi T., Nagahama S., Ichikawa Y., Takadama K.",Lecture Notes in Computer Science (including subseries Lecture Notes in Artificial Intelligence and Lecture Notes in Bioinformatics),2019.0,10.1007/978-3-030-22649-7_25,Average reward; Model-based; Multi-objective reinforcement learning; Reward occurrence probability; Reward vector,1.0,0.0,114.0,False,,,,,
evolutionary inversion of class distribution in overlapping areas for multi-class imbalanced learning,"Fernandes, ERQ; de Carvalho, ACPLF",INFORMATION SCIENCES,2019.0,10.1016/j.ins.2019.04.052,Multi-Class imbalanced learning; Ensemble of classifiers; Evolutionary algorithms,,0.0,115.0,True,"['Evolutionary', 'NSGA-II']","['Ensemble', 'Classification', 'Multi-Class', 'Imbalanced Learning']","['Accuracy', 'percentage of instances of the majority classes that are at the border of separation with the minority classes']",Single - Ensemble,
automatic decision making for parameters in kernel method,Y. Pei,2019 IEEE Symposium Series on Computational Intelligence (SSCI),2019.0,10.1109/SSCI44817.2019.9002691,kernel method;kernel function;reproducing kernel Hilbert space;machine learning;decision making;evolutionary multi-objective optimization,2.0,0.0,116.0,True,"['Evolutionary', 'Chaotic evolution']","['Kernel methods', 'AutoML', 'Classification']","['Distance', 'Angle']",Multi,
repair: removing representation bias by dataset resampling,Y. Li; N. Vasconcelos,2019 IEEE/CVF Conference on Computer Vision and Pattern Recognition (CVPR),2019.0,10.1109/CVPR.2019.00980,Datasets and Evaluation;Action Recognition ; Deep Learning ; Representation Learning; Video Analytics,29.0,0.0,117.0,False,,,,,
single-objective/multiobjective cat swarm optimization clustering analysis for data partition,D. Yan; H. Cao; Y. Yu; Y. Wang; X. Yu,IEEE Transactions on Automation Science and Engineering,2020.0,10.1109/TASE.2020.2969485,Clustering analysis;data partition;quantum model;single-objective/multiobjective optimization,9.0,0.0,118.0,True,"['Evolutionary', 'Cat Swarm Optimization']","['Clustering', 'Data Partition']","['Cohesion', 'Connectivity']",Single - Max crowding-distance,
automated test input generation for convolutional neural networks by implementing multi-objective evolutionary algorithms,L. ZHANG; H. SATO,2020 Eighth International Symposium on Computing and Networking Workshops (CANDARW),2020.0,10.1109/CANDARW51189.2020.00040,Deep learning testing;Automated test input generation;Evolutionary algorithms,,0.0,119.0,True,"['Evolutionary', 'NSGA-II']","['Deep Neural Networks', 'Input generation', 'Classification']","['Neuron coverage', 'Behavioral divergence', 'Pertubation degree']",Single - Crowded tournament selection,
fastrcaps: an integrated framework for fast yet accurate training of capsule networks,A. Marchisio; B. Bussolino; A. Colucci; M. A. Hanif; M. Martina; G. Masera; M. Shafique,2020 International Joint Conference on Neural Networks (IJCNN),2020.0,10.1109/IJCNN48605.2020.9207533,Machine Learning;Capsule Networks;Training;Accuracy;Efficiency;Performance;Weight Sharing;Decoder;Batch Sizing;Adaptivity,4.0,0.0,120.0,False,,,,,
probabilistic sequential multi-objective optimization of convolutional neural networks,Z. Yin; W. Gross; B. H. Meyer,"2020 Design, Automation & Test in Europe Conference & Exhibition (DATE)",2020.0,10.23919/DATE48585.2020.9116535,,2.0,0.0,121.0,False,,,,,
transfer learning for design-space exploration with high-level synthesis,J. Kwon; L. P. Carloni,2020 ACM/IEEE 2nd Workshop on Machine Learning for CAD (MLCAD),2020.0,10.1145/3380446.3430636,high-level synthesis;design space exploration;neural networks;machine learning;transfer learning;multi-task learning,4.0,0.0,122.0,False,,,,,
variational bound of mutual information for fairness in classification,Z. Alsulaimawi,2020 IEEE 22nd International Workshop on Multimedia Signal Processing (MMSP),2020.0,10.1109/MMSP48831.2020.9287139,Fairness;privacy-preserving;adversarial learning;variational mutual information;big data security;deep learning,,0.0,123.0,False,,,,,
machine learning with incomplete datasets using multi-objective optimization models,H. A. Khorshidi; M. Kirley; U. Aickelin,2020 International Joint Conference on Neural Networks (IJCNN),2020.0,10.1109/IJCNN48605.2020.9206742,incomplete data;multi-objective model;uncertainty;model selection;classification,,0.0,124.0,True,"['Evolutionary', 'NSGA-II']","['Incomplete data', 'SVM', 'Classification']","['Cluster validity', 'Correlation', 'Variance ratio']",Multi,
ensemble learning by means of a multi-objective optimization design approach for dealing with imbalanced data sets,"Ribeiro, VHA; Reynoso-Meza, G",EXPERT SYSTEMS WITH APPLICATIONS,2020.0,10.1016/j.eswa.2020.113232,Ensemble learning; Multi-objective optimization; Imbalanced data sets,,0.0,125.0,False,,,,,Study of different MOO approaches for ensemble learning
multi-objective hyperparameter tuning and feature selection using filter ensembles,"Binder, Martin and Moosbauer, Julia and Thomas, Janek and Bischl, Bernd",Association for Computing Machinery,2020.0,10.1145/3377930.3389815,"model-based optimization, multiobjective optimization, hyperparameter optimization, evolutionary algorithms, feature selection",,0.0,126.0,True,"['Evolutionary', 'NSGA-II', 'Bayesian']","['Feature Selection', 'Hyperparameter tuning', 'Classification', 'Filter Ensemble']","['Generalization error', 'Fraction of selected features']",Single - Ensemble,
transfer clustering ensemble selection,Y. Shi; Z. Yu; C. L. P. Chen; J. You; H. -S. Wong; Y. Wang; J. Zhang,IEEE Transactions on Cybernetics,2020.0,10.1109/TCYB.2018.2885585,Clustering ensemble selection (CES);machine learning;multiobjective;transfer learning,7.0,0.0,127.0,True,"['Evolutionary', 'NSGA-II', 'Bayesian']","['Clustering', 'Ensemble', 'Transfer Learning']","['Performance', 'Quality index', 'Diversity index']",Single - Ensemble,
plausible counterfactuals: auditing deep learning classifiers with realistic adversarial examples,A. Barredo-Arrieta; J. Del Ser,2020 International Joint Conference on Neural Networks (IJCNN),2020.0,10.1109/IJCNN48605.2020.9206728,Explainable Artificial Intelligence;Deep Learning;Counterfactuals;Generative Adversarial Networks;Multiobjective Optimization;Meta-heuristics,2.0,0.0,128.0,True,['Heuristic'],"['Explainable AI','Deep Learning','Counterfactuals','GAN']","['Unlikeliness','Probability of not confusion','Intensity of adversarial changes']",Multi,
feature selection with dynamic classifier ensembles,H. E. Kiziloz; A. Deniz,"2020 IEEE International Conference on Systems, Man, and Cybernetics (SMC)",2020.0,10.1109/SMC42975.2020.9282969,feature selection;multiobjective optimization;machine learning;classifier ensemble,1.0,0.0,129.0,True,"['Evolutionary', 'NSGA-II']","['Feature Selection', 'Ensemble', 'Classification']","['Number of features', 'Accuracy']",Single - Ensemble,
ensemble of classifiers based on multiobjective genetic sampling for imbalanced data,E. R. Q. Fernandes; A. C. P. L. F. de Carvalho; X. Yao,IEEE Transactions on Knowledge and Data Engineering,2020.0,10.1109/TKDE.2019.2898861,Imbalanced datasets;ensemble of classifiers;evolutionary algorithm,18.0,0.0,130.0,True,"['Evolutionary', 'NSGA-II']","['Imbalanced Data', 'Ensemble', 'Classification']",['Positive Predictive Value by class'],Single - Ensemble,
multiobjective fuzzy genetics-based machine learning for multi-label classification,Y. Omozaki; N. Masuyama; Y. Nojima; H. Ishibuchi,2020 IEEE International Conference on Fuzzy Systems (FUZZ-IEEE),2020.0,10.1109/FUZZ48607.2020.9177804,multi-label classification;multiobjective fuzzy genetics-based machine learning;fuzzy rule-based classification system;method adaptation approach,1.0,0.0,131.0,True,"['Evolutionary', 'NSGA-II']","['Classification', 'Multi-Label']","['Subset Accuracy', 'Hamming Loss', 'F-Measure', 'Number of rules']",Multi,
multiple reference points-based decomposition for multiobjective feature selection in classification: static and dynamic mechanisms,B. H. Nguyen; B. Xue; P. Andreae; H. Ishibuchi; M. Zhang,IEEE Transactions on Evolutionary Computation,2020.0,10.1109/TEVC.2019.2913831,Classification;feature selection;multiobjective evolutionary algorithm based on decomposition (MOEA/D);multiobjective optimization;partially conflicting,23.0,0.0,132.0,True,"['Evolutionary', 'MOEA/D']","['Classification', 'Feature Selection']","['Classification error', 'Number of selected features']",Multi,
a multi-objective deep reinforcement learning framework,"Nguyen T.T., Nguyen N.D., Vamplew P., Nahavandi S., Dazeley R., Lim C.P.",Engineering Applications of Artificial Intelligence,2020.0,10.1016/j.engappai.2020.103915,Deep learning; Multi-objective; Multi-policy; Reinforcement learning; Single-policy,6.0,0.0,133.0,False,,,,,
combining a gradient-based method and an evolution strategy for multi-objective reinforcement learning,"Chen D., Wang Y., Gao W.",Applied Intelligence,2020.0,10.1007/s10489-020-01702-7,Multi-objective reinforcement learning; Multi-policy reinforcement learning; Pareto frontier; Sampling efficiency,2.0,0.0,134.0,True,"['Evolutionary', 'MO-CMA-ES']","['Reinforcement Learning', 'Multi-policy']",['Task objectives'],Multi,
training feedforward neural network via multiobjective optimization model using non-smooth l-1/2 regularization,"Senhaji, K; Ramchoun, H; Ettaouil, M",NEUROCOMPUTING,2020.0,10.1016/j.neucom.2020.05.066,Multiobjective optimization; NSGAII; Learning algorithm; L-1/2 regularization; Neural network,,0.0,135.0,True,"['Evolutionary','NSGA-II']",['Multilayer Perceptron Neural Network'],"['MSE','Modified L1/2regularizer']",Multi,
pareto multi-task deep learning,"Riccio, SD; Dyankov, D; Jansen, G; Di Fatta, G; Nicosia, G","ARTIFICIAL NEURAL NETWORKS AND MACHINE LEARNING, ICANN 2020, PT II",2020.0,10.1007/978-3-030-61616-8_11,Multi-task learning; Multi-objective learning; Deep Neuroevolution; Hypervolume; Kullback-Leibler divergence; Pareto front; Evolution strategy; Atari 2600 games,,0.0,136.0,True,"['Evolutionary', 'Proposed', 'MTMO-ES']",['Multi-Task Learning'],['Utility functions for the multi-task learning'],Multi,
identifying pareto-based solutions for regression subset selection via a feasible solution algorithm,"Lambert, JW; Hawk, GS",INTERNATIONAL JOURNAL OF DATA SCIENCE AND ANALYTICS,2020.0,10.1007/s41060-020-00218-0,Pareto; Optimal; Feasible solution; Multiple; Objective; Subset selection; Regression,,0.0,137.0,True,"['Evolutionary', 'FSA']","['Regression', 'Subset Selection']","['Residual', 'R squared']",Multi,
high dimensional restrictive federated model selection with multi-objective bayesian optimization over shifted distributions,"Sun, XD; Bommert, A; Pfisterer, F; Rahenfurher, J; Lang, M; Bischl, B","INTELLIGENT SYSTEMS AND APPLICATIONS, VOL 1",2020.0,10.1007/978-3-030-29516-5_48,Federated learning; Multi-objective Bayesian Optimization; High dimensional data; Differential privacy; Distribution shift; Model selection,,0.0,138.0,True,"['Bayesian Optimization', 'Parego algorithm']","['Model Selection', 'Federated Learning']","['Local loss', 'Remote loss']",Single - Dominated Hypervolume Indicator,
a two-stage multi-objective deep reinforcement learning framework,"Chen D., Wang Y., Gao W.",Frontiers in Artificial Intelligence and Applications,2020.0,10.3233/FAIA200202,,1.0,0.0,139.0,True,"['Evolutionary', 'MO-CMA-ES']",['Reinforcement Learning'],['Soft Actor-Critic (SAC) objective functions'],Multi,
learning adversarial attack policies through multi-objective reinforcement learning,"García J., Majadas R., Fernández F.",Engineering Applications of Artificial Intelligence,2020.0,10.1016/j.engappai.2020.104021,Adversarial reinforcement learning; Multi-objective reinforcement learning,6.0,0.0,140.0,True,"['Evolutionary','Reinforcement Learning']","['Reinforcement Learning','Adversarial attacks']","['Performance loss of the attacked policy','Cost of the attacks']",Single - Weighted optimization,
ensemble learning via multimodal multiobjective differential evolution and feature selection,"Wang J., Wang B., Liang J., Yu K., Yue C., Ren X.",Communications in Computer and Information Science,2020.0,10.1007/978-981-15-3425-6_34,Classifier parameter; Ensemble learning; Feature selection; Multimodal multiobjective optimization,,0.0,141.0,True,"['Evolutionary', 'MMODE']","['Ensemble Learning', 'Feature Selection']","['Feature selection rate', 'Error rate']",Single - Ensemble,
feature selection using pso: a multi objective approach,"Vashishtha J., Puri V.H., Mukesh",Communications in Computer and Information Science,2020.0,10.1007/978-981-15-6318-8_10,Feature selection; Multi-objective optimization; PSO,,0.0,142.0,True,"['Evolutionary', 'Particle Swarm Optimization']","['Feature Selection', 'Classification']","['Number of features', 'Classification error']",Multi,
automated feature engineering for algorithmic fairness,"Salazar, Ricardo and Neutatz, Felix and Abedjan, Ziawasch",VLDB Endowment,2021.0,10.14778/3461535.3463474,,,0.0,143.0,True,"['Evolutionary', 'NSGA-II']","['Feature Selection', 'Feature Construction', 'Fairness']","['Ratio of Observational Discrimination', 'F1 score']",Multi,
automl technologies for the identification of sparse models,"Liuliakov A., Hammer B.",Lecture Notes in Computer Science (including subseries Lecture Notes in Artificial Intelligence and Lecture Notes in Bioinformatics),2021.0,10.1007/978-3-030-91608-4_7,AutoML; Feature selection; TPOT,,0.0,144.0,True,['Greedy search'],"['AutoML', 'Feature Selection']","['Accuracy', 'Number of selected features']",Multi,
"feature weighting for na\""{\i}ve bayes using multi objective artificial bee colony algorithm","Chaudhuri, Abhilasha and Sahu, Tirath Prasad",Inderscience Publishers,2021.0,10.1504/ijcse.2021.113655,"na\""{\i}ve Bayes, multi objective optimisation, artificial bee colony, feature weighting",,0.0,145.0,True,"['Evolutive','Artificial bee colony']","['Classification','Naïve Bayes','Feature Weighting']","['Relevancy','Redundancy']",Single - Maximum fitness value,
minimax group fairness: algorithms and experiments,"Diana E., Gill W., Kearns M., Kenthapadi K., Roth A.","AIES 2021 - Proceedings of the 2021 AAAI/ACM Conference on AI, Ethics, and Society",2021.0,10.1145/3461702.3462523,fair machine learning; game theory; minimax fairness,3.0,0.0,146.0,True,"['Evolutive', 'Zero-sum game']","['Fairness', 'Classification', 'Regression']",['Group error'],Single - Minimax,
rawlsian fair adaptation of deep learning classifiers,"Shah K., Gupta P., Deshpande A., Bhattacharyya C.","AIES 2021 - Proceedings of the 2021 AAAI/ACM Conference on AI, Ethics, and Society",2021.0,10.1145/3461702.3462592,fair adaptation; fairness for deep learning classifiers; Rawlsian fairness,,0.0,147.0,False,,,,,
lexicographically fair learning: algorithms and generalization,"Diana E., Gill W., Globus-Harris I., Kearns M., Roth A., Sharifi-Malvajerdi S.","Leibniz International Proceedings in Informatics, LIPIcs",2021.0,10.4230/LIPIcs.FORC.2021.6,Fair learning; Game theory; Lexicographic fairness; Online learning,,0.0,186.0,False,,,,,
exploring multiobjective training in multiclass classification,"Raimundo M.M., Drumond T.F., Marques A.C.R., Lyra C., Rocha A., Von Zuben F.J.",Neurocomputing,2021.0,10.1016/j.neucom.2020.12.087,Diversity of Pareto-optimal models; Ensemble learning; Multiclass classification; Multiobjective optimization,1.0,0.0,148.0,True,"['Deterministic', 'NISE']","['Classification', 'Multiclass']","['Classification loss', 'L2']",Single - Ensemble,
the multi-task learning with an application of pareto improvement,"Cai T., Gao X., Song L., Liao M.",ACM International Conference Proceeding Series,2021.0,10.1145/3448734.3450463,multi-objective optimization; Multi-task learning; Pareto improvement,,0.0,149.0,True,"['Deterministic', 'MGDA']",['Multi-task Learning'],['Loss of each class'],Multi,
multi-task learning with riemannian optimization,"Cai T., Song L., Li G., Liao M.",Lecture Notes in Computer Science (including subseries Lecture Notes in Artificial Intelligence and Lecture Notes in Bioinformatics),2021.0,10.1007/978-3-030-84529-2_42,Multi-objective optimization; Multi-task learning; Riemannian optimization,,0.0,150.0,True,"['Deterministic', 'MGDA']",['Multi-task Learning'],['Loss of each class'],Multi,
training-free multi-objective evolutionary neural architecture search via neural tangent kernel and number of linear regions,"Do T., Luong N.H.",Lecture Notes in Computer Science (including subseries Lecture Notes in Artificial Intelligence and Lecture Notes in Bioinformatics),2021.0,10.1007/978-3-030-92270-2_29,Deep learning; Evolutionary computation; Multi-objective optimization; Neural architecture search; Neural tangent kernels,,0.0,151.0,True,"['Evolutionary', 'NSGA-II']","['Neural Architecture Search', 'Neural Network']","['Few floating-point operations (FLOPs)', 'Number of linear regions', 'Condition number of neural tangent kernel']",Multi,
multi-objective search of robust neural architectures against multiple types of adversarial attacks,"Liu, Jia and Jin, Yaochu",Elsevier Science Publishers B. V.,2021.0,10.1016/j.neucom.2021.04.111,"Adversarial attacks, Robustness, Multi-objective evolutionary algorithm, Neural architecture search",,0.0,152.0,True,"['Evolutionary', 'NSGA-II']","['Neural Architecture Search', 'Adversarial attacks', 'Robustness', 'Neural Network']","['Error on clean data', 'Error on adversarial data']",Multi,
facing many objectives for fairness in machine learning,"Villar D., Casillas J.",Communications in Computer and Information Science,2021.0,10.1007/978-3-030-85347-1_27,Decision trees; Fairness in machine learning; Many objective evolutionary algorithm,,0.0,153.0,True,"['Evolutionary', 'NSGA-II', 'SMS-EMOA', 'GrEA']","['Fairness', 'Decision tree', 'Classification']","['Accuracy', 'Difference between False Positive Rate', 'Difference between Positive Predictive Val-ues']",Multi,
a robust multiobjective harris' hawks optimization algorithm for the binary classification problem,"Dokeroglu, T; Deniz, A; Kiziloz, HE",KNOWLEDGE-BASED SYSTEMS,2021.0,10.1016/j.knosys.2021.107219,Binary classification; Multiobjective optimization; Feature selection; Harris' Hawks optimization,,0.0,154.0,True,"['Evolutionary','Harris’ Hawks optimization']","['Feature Selection','Classification','Logistic Regression','Support Vector Machine','Extreme Learning Machines','Decision Trees']","['Number of features','Performance']",Multi,
learning with privileged tasks,Y. Song; Z. Lou; S. You; E. Yang; F. Wang; C. Qian; C. Zhang; X. Wang,2021 IEEE/CVF International Conference on Computer Vision (ICCV),2021.0,10.1109/ICCV48922.2021.01051,Machine learning architectures and formulations; Recognition and classification,,0.0,155.0,True,"['Deterministic','Gradient','P-MGDA']","['Multi-task learning','Privileged tasks']",['Task losses'],Multi,
the trade-off between privacy and utility in local differential privacy,M. Li; Y. Tian; J. Zhang; D. Fan; D. Zhao,2021 International Conference on Networking and Network Applications (NaNA),2021.0,10.1109/NaNA53684.2021.00071,data collecting;local differential privacy;privacy metric;utility metric;Pareto optimality,,0.0,156.0,True,"['Evolutionary', 'NSGA-II']","['Privacy', 'Local differential privacy']","['Privacy Loss', 'Utility Loss']",Single - Payoff function,
synthesizing pareto-optimal interpretations for black-box models,H. Torfah; S. Shah; S. Chakraborty; S. Akshay; S. A. Seshia,2021 Formal Methods in Computer Aided Design (FMCAD),2021.0,10.34727/2021/isbn.978-3-85448-046-4_24,,,0.0,157.0,True,"['Deterministic', 'quantitative constraint solver', 'MaxSAT']",['Explainability'],"['Explainability measure', 'Correctness measure']",Multi,
pareto self-supervised training for few-shot learning,Z. Chen; J. Ge; H. Zhan; S. Huang; D. Wang,2021 IEEE/CVF Conference on Computer Vision and Pattern Recognition (CVPR),2021.0,10.1109/CVPR46437.2021.01345,,2.0,0.0,158.0,True,"['Deterministic', 'Constrained multi-objective subproblems', 'Gradient-based', 'steepest descent algorithm']","['Few-Shot Learning', 'Self-Supervised Learning']",['Loss for each task'],Multi,
smart multi-objective evolutionary gan,M. Baioletti; G. D. Bari; V. Poggioni; C. A. C. Coello,2021 IEEE Congress on Evolutionary Computation (CEC),2021.0,10.1109/CEC45853.2021.9504858,,,0.0,159.0,True,['Evolutionary'],['Generative Adversarial Networ'],"['Jensen-Shannon divergence', 'probability of the discriminator being mistaken', 'Least square']",Multi,
hyperaspo: fusion of model and hyper parameter optimization for multi-objective machine learning,A. Kannan; A. Roy Choudhury; V. Saxena; S. Raje; P. Ram; A. Verma; Y. Sabharwal,2021 IEEE International Conference on Big Data (Big Data),2021.0,10.1109/BigData52589.2021.9671604,Hyperparameter optimization;Model parameters;XGBoost;HyperASPO;Pareto Optimization,,0.0,160.0,True,"['Deterministic', 'Gradient based', 'Adaptively Scalarized']",['Hyper Parameter Optimization'],['Chosen given the task'],Multi,
scalable pareto front approximation for deep multi-objective learning,M. Ruchte; J. Grabocka,2021 IEEE International Conference on Data Mining (ICDM),2021.0,10.1109/ICDM51629.2021.00162,Multi-objective optimization;Deep Learning;Fairness,,0.0,161.0,True,"['Deterministic', 'Linear scalarization', 'Gradient based']",['Deep Learning'],['Loss for each task'],Multi,
multiobjective particle swarm optimization for feature selection with fuzzy cost,Y. Hu; Y. Zhang; D. Gong,IEEE Transactions on Cybernetics,2021.0,10.1109/TCYB.2020.3015756,Feature selection (FS);fuzzy cost;multiobjective optimization;particle swarm optimization (PSO),37.0,0.0,162.0,True,"['Evolutionary', 'Particle Swarm Optimization']","['Feature Selection', 'Fuzzy Cost']","['Average error rate', 'Maximal fuzzy cost']",Multi,
an entropy driven multiobjective particle swarm optimization algorithm for feature selection,J. Luo; D. Zhou; L. Jiang; H. Ma,2021 IEEE Congress on Evolutionary Computation (CEC),2021.0,10.1109/CEC45853.2021.9504837,feature selection;multiobjective optimization;particle swarm optimization,1.0,0.0,163.0,True,"['Evolutionary', 'Particle Swarm Optimization']","['Feature Selection', 'Classification']","['Number of features', 'Classification error']",Multi,
a selective ensemble classifier using multiobjective optimization based extreme learning machine algorithm,L. Bai; H. Li; W. Gao,2021 17th International Conference on Computational Intelligence and Security (CIS),2021.0,10.1109/CIS54983.2021.00017,feedforward neural network;extreme learning machine;multiobjective optimization;ensemble learning;classification,,0.0,164.0,True,"['Evolutionary', 'MOEA/D']","['Ensemble Learning', 'Classification', 'Neural Network', 'Extreme learning machine']","['Training RMSE', 'Validation RMSE', 'Network complexity']",Single - Ensemble,
a novel feature selection with many-objective optimization and learning mechanism,L. Shu; F. He; X. Hu; H. Li,2021 IEEE 24th International Conference on Computer Supported Cooperative Work in Design (CSCWD),2021.0,10.1109/CSCWD49262.2021.9437707,optimization driven design;intelligent cloud manufacturing;collaborative processing of big data;feature selection;classification;many-objective optimization;extreme learning machine,,0.0,165.0,True,"['Evolutionary', 'NSGA-xadIII']","['Feature Selection', 'Extreme learning machine', 'Classification']","['Accuracy', 'Number of features', 'Feature relevance', 'Feature redundancy', 'Feature complementarity']",Multi,
reference-point-based multi-objective optimization algorithm with opposition-based voting scheme for multi-label feature selection,"Bidgoli, AA; Ebrahimpour-Komleh, H; Rahnamayan, S",INFORMATION SCIENCES,2021.0,10.1016/j.ins.2020.08.004,Multi-label classification; Feature selection; Multi-objective optimization; Evolutionary algorithm; Opposition-based computation,,0.0,166.0,True,['Evolutionary'],"['Classification','Multi-label','Feature Selection']","['Number of features','Hamming loss']",Multi,
understanding and improving fairness-accuracy trade-offs in multi-task learning,"Wang, YY; Wang, XZ; Beutel, A; Prost, F; Chen, JL; Chi, EH",KDD '21: PROCEEDINGS OF THE 27TH ACM SIGKDD CONFERENCE ON KNOWLEDGE DISCOVERY & DATA MINING,2021.0,10.1145/3447548.3467326,fairness; multi-task learning; Pareto frontier; multi-task-aware fairness treatment,,0.0,167.0,True,['Evolutionary'],"['Classification', 'Multi-label', 'Fairness']","['Accuracy loss', 'Task-specific Fairness loss', 'Shared Fairness loss']",Multi,
a projection multi-objective svm method for multi-class classification,"Liu, L; Martin-Barragan, B; Prieto, FJ",COMPUTERS & INDUSTRIAL ENGINEERING,2021.0,10.1016/j.cie.2021.107425,Multiple objective programming; Support vector machine; Multi-class multi-objective SVM; Pareto-optimal solution,,0.0,168.0,True,['Evolutionary'],"['Classification', 'Multi-class', 'Support Vector Machine']",['Geometric margin for each class'],Multi,
artificial chicken swarm algorithm for multi-objective optimization with deep learning,"Wei, QZ; Huang, DR; Zhang, Y",JOURNAL OF SUPERCOMPUTING,2021.0,10.1007/s11227-021-03770-z,Neural computing; Bionic optimization calculation; Multi-objective optimization; Chicken swarm optimization algorithm; Pareto solution set; Deep learning,,0.0,169.0,False,,,,,
multietsc: automated machine learning for early time series classification,"Ottervanger, G; Baratchi, M; Hoos, HH",DATA MINING AND KNOWLEDGE DISCOVERY,2021.0,10.1007/s10618-021-00781-5,Early classification; Time series classification; Automated machine learning,,0.0,170.0,True,"['Deterministic', 'MO-ParamILS', 'Iterated local search']","['Classification', 'Time Series', 'Early time series classification', 'hyperparameter tuning', ' algorithm selection', 'AutoML']","['Error rate', 'Earliness']",Multi,
multi-task learning for multi-objective evolutionary neural architecture search,R. Cai; J. Luo,2021 IEEE Congress on Evolutionary Computation (CEC),2021.0,10.1109/CEC45853.2021.9504721,neural architecture search;multi-task learning;surrogate model;multi-objective optimization,,0.0,171.0,True,['Evolutionary'],"['Neural Architecture Search', 'Multi-task', 'AutoML', 'Neural Networks']",['Task loss'],Multi,
a novel feature selection approach with pareto optimality for multi-label data,"Li, GH; Li, Y; Zheng, YF; Li, Y; Hong, YF; Zhou, XM",APPLIED INTELLIGENCE,2021.0,10.1007/s10489-021-02228-2,Feature selection; Multi-label learning; Pareto optimality; Hilbert-Schmidt independence criterion,,0.0,172.0,False,,,,,
how fair can we go in machine learning? assessing the boundaries of accuracy and fairness,"Valdivia, A; Sanchez-Monedero, J; Casillas, J",INTERNATIONAL JOURNAL OF INTELLIGENT SYSTEMS,2021.0,10.1002/int.22354,algorithmic fairness; group fairness; multiobjective optimization,,0.0,173.0,True,"['Evolutionary', 'NSGA‐II']","['Fairness', 'Logistic Regression', 'Decision tree', 'Classification']","['Geometric Mean', 'Difference of False-Positive Rate']",Multi,
a selective ensemble learning based two-sided cross-domain collaborative filtering algorithm,"Yu, X; Peng, QL; Xu, LW; Jiang, F; Du, JW; Gong, DW",INFORMATION PROCESSING & MANAGEMENT,2021.0,10.1016/j.ipm.2021.102691,Cross-domain collaborative filtering; Selective ensemble; Ensemble learning; Pareto optimal solutions; Bi-objective optimization&nbsp; problem,,0.0,174.0,False,,,,,
constructing accuracy and diversity ensemble using pareto-based multi-objective learning for evolving data streams,"Sun, YG; Dai, HH",NEURAL COMPUTING & APPLICATIONS,2021.0,10.1007/s00521-020-05386-5,Data streams; Concept drift; Ensemble learning; Diversity; Classifier selection; Multi-objective optimization,,0.0,175.0,True,"['Evolutionary', 'NSGA‐II']","['Ensemble Learning', 'Classification', 'Data streams']","['Accuracy', 'Diversity']",Single - Ensemble,
fairer machine learning through multi-objective evolutionary learning,"Zhang, QQ; Liu, JL; Zhang, ZQ; Wen, JY; Mao, BF; Yao, X","ARTIFICIAL NEURAL NETWORKS AND MACHINE LEARNING - ICANN 2021, PT IV",2021.0,10.1007/978-3-030-86380-7_10,Fairness in machine learning; Discrimination in machine learning; AI ethics; Fairness measures; Multi-objective learning,,0.0,176.0,True,"['Evolutionary', 'NSGA‐II']","['Fairness', 'Classification']","['Model Error', 'Individual unfairness', 'Group unfairness']",Multi,
multicriteria classifier ensemble learning for imbalanced data,W. Węgier; M. Koziarski; M. Woźniak,IEEE Access,2022.0,10.1109/ACCESS.2022.3149914,Classifier ensemble;imbalanced data;multi-objective optimization;pattern classification,,0.0,177.0,True,"['Evolutionary', 'NSGA‐II']","['Multicriteria', 'Classification', 'Imbalanced data']","['Recall', 'Precision']",Multi,
a logarithmic distance-based multi-objective genetic programming approach for classification of imbalanced data,"Kumar A., Goel S., Sinha N., Bhardwaj A.",Communications in Computer and Information Science,2022.0,10.1007/978-3-030-95502-1_23,Fitness function; Genetic programming; Imbalanced data classification; Multi-objective optimization; Pareto front,,0.0,178.0,,,,,,
efficient and sparse neural networks by pruning weights in a multiobjective learning approach,"Reiners M., Klamroth K., Heldmann F., Stiglmayr M.",Computers and Operations Research,2022.0,10.1016/j.cor.2021.105676,Automated machine learning; l1-regularization; Multiobjective learning; Stochastic multi-gradient descent; Unstructured pruning,,0.0,179.0,True,"['Deterministic', 'Stochastic Multi-Gradient Descent', 'Gradient based']","['Neural Networks', 'Pruning', 'AutoML', 'Classification']","['Cross entropy', 'L1']",Multi,
a multiple gradient descent design for multi-task learning on edge computing: multi-objective machine learning approach,X. Zhou; Y. Gao; C. Li; Z. Huang,IEEE Transactions on Network Science and Engineering,2022.0,10.1109/TNSE.2021.3067454,Deep neural network;edge computing;multi-objective machine learning;multi-task learning;multiple gradient descent,1.0,0.0,180.0,False,,,,,
the stochastic multi-gradient algorithm for multi-objective optimization and its application to supervised machine learning,"Liu, S; Vicente, LN",ANNALS OF OPERATIONS RESEARCH,,10.1007/s10479-021-04033-z,Multi-objective optimization; Pareto front; Stochastic gradient descent; Supervised machine learning,,0.0,181.0,False,,,,,Optimization paper
a multi-objective optimization algorithm for feature selection problems,"Abdollahzadeh, B; Gharehchopogh, FS",ENGINEERING WITH COMPUTERS,,10.1007/s00366-021-01369-9,Feature selection; Harris hawks optimization; Fruitfly optimization algorithm; Multiobjective; Bonferroni&#8211; Holm; Family-wise error rate,,0.0,182.0,True,"['Evolutionary', 'Harris Hawks Optimization', 'Fruitfly Optimization Algorithm']","['Feature Selection', 'Classification']","['Classification error', 'Number of features']",Multi,
